topic,subtopic,count
Basic Economic Concepts,(none),10
Basic Economic Concepts,Classification of economics,1
Basic Economic Concepts,Definition of an economy,1
Basic Economic Concepts,Free market economy,1
Basic Economic Concepts,Market vs planned economies,1
Basic Economic Concepts,Planned economy,1
Basic Economic Concepts,Public goods,1
Basic Economic Concepts,Scarcity,1
Caribbean Integration,(none),8
Caribbean Integration,Bilateral agreements,1
Caribbean Integration,Monetary unions,1
Demand & Supply,(none),18
Demand & Supply,Externalities,1
Demand & Supply,Law of demand,1
Demand & Supply,Law of supply,1
Demand & Supply,Market equilibrium,1
Demand & Supply,Opportunity cost,1
Demand & Supply,Perfectly elastic demand,1
Demand & Supply,Price elasticity of demand,1
Demand & Supply,Shifts in demand,1
Demand & Supply,Shifts in supply,1
Demand & Supply,Shortages and surpluses,1
Demand & Supply,Simultaneous demand and supply shifts,1
Demand & Supply,Subsidies,1
Elasticity,(none),5
Elasticity,Definition of price elasticity of supply,1
Elasticity,Elasticity of supply,1
Elasticity,Price elasticity of demand,1
Elasticity,Unitary price elasticity of supply,1
Inflation & Unemployment,(none),6
Inflation & Unemployment,Cost-push inflation,1
Inflation & Unemployment,Effects of inflation on money,1
Inflation & Unemployment,Effects of retrenchment,1
Inflation & Unemployment,Types of unemployment,1
International Trade,(none),26
International Trade,Balance of payments correction,2
International Trade,E-commerce,2
International Trade,Balance of merchandise trade,1
International Trade,Balance of payments - transfers,1
International Trade,Comparative advantage,1
International Trade,Drivers of FDI,1
International Trade,Effects of competition,1
International Trade,Exchange rate appreciation,1
International Trade,Exchange rate effects,1
International Trade,FDI,1
International Trade,Net exports and trade balance,1
International Trade,Quotas,1
International Trade,Tariffs,1
International Trade,Terms of trade,1
International Trade,Trade liberalization,1
Labour & Wages,(none),2
Labour & Wages,Efficiency of labour,1
Labour & Wages,Trade unions,1
Market Structures,(none),3
Market Structures,Features of a monopoly,1
Market Structures,Oligopoly behaviour,1
Market Structures,Price-setting power,1
Money & Banking,(none),16
Money & Banking,Characteristics of money,1
Money & Banking,Circular flow with financial sector,1
Money & Banking,Credit unions,1
Money & Banking,Financial sector role,1
Money & Banking,Formal vs informal financial sector,1
Money & Banking,Functions of a commercial bank,1
Money & Banking,Government financial instruments,1
Money & Banking,Money supply,1
National Income,(none),8
National Income,Circular flow of income,2
National Income,Effects of retrenchment,1
National Income,Methods of calculating national income,1
Population & Development,(none),2
Population & Development,Classification of economies,1
Production,(none),15
Production,Manufacturing share of GDP,2
Production,Sectors of production,2
Production,Average product of labour,1
Production,Average variable cost,1
Production,Causes of PPF shifts,1
Production,Characteristics of Caribbean countries,1
Production,Definition of production,1
Production,Economies of scale,1
Production,Factors of production - rewards,1
Production,PPF interpretation,1
Production,Primary vs secondary products,1
Production,Production possibility frontier,1
Production,Scarcity and choice,1
Production,Sectors of production - primary,1
Public Finance,(none),1
Public Finance,Economic decisions of businesses vs government,1
Public Finance,Fiscal deficit,1
Public Finance,National debt,1
